{
    "fs": 97859.60049183451,
    "timestamp": 1769285516.999382,
    "date_str": "2026-01-24 12:11:56",
    "hardware_default": 97793.1
}